accuracy,precision,recall,f1,roc_auc,pr_auc,balanced_acc,prec_at_rec_0.2,prec_at_rec_0.4,prec_at_rec_0.6,alpha,threshold_oracle,oracle_f1_at_best_th,kind,seed
0.8243243243243243,0.23270440251572327,0.33636363636363636,0.275092936802974,0.660209090909091,0.17370440699528927,0.6071818181818182,0.24793388429752067,0.18532818532818532,0.15296803652968036,0.0,0.625,0.275092936802974,ood_oracle_analysis_only,42
0.827027027027027,0.23376623376623376,0.32727272727272727,0.2727272727272727,0.6585545454545455,0.17168655963511087,0.6046363636363636,0.25203252032520324,0.1859504132231405,0.15261958997722094,0.05,0.6,0.2727272727272727,ood_oracle_analysis_only,42
0.8297297297297297,0.2348993288590604,0.3181818181818182,0.2702702702702703,0.6574363636363636,0.16989088325938978,0.6020909090909091,0.2440944881889764,0.1836734693877551,0.15192743764172337,0.1,0.575,0.2702702702702703,ood_oracle_analysis_only,42
0.8117117117117117,0.21714285714285714,0.34545454545454546,0.26666666666666666,0.656190909090909,0.1660956211741894,0.6042272727272727,0.2366412213740458,0.18072289156626506,0.1515837104072398,0.15000000000000002,0.525,0.26666666666666666,ood_oracle_analysis_only,42
0.8333333333333334,0.23776223776223776,0.3090909090909091,0.26877470355731226,0.655309090909091,0.16452606408219045,0.6000454545454545,0.24113475177304963,0.17985611510791366,0.15090090090090091,0.2,0.525,0.26877470355731226,ood_oracle_analysis_only,42
0.8162162162162162,0.22023809523809523,0.33636363636363636,0.26618705035971224,0.6538272727272727,0.16222627269934686,0.6026818181818182,0.23404255319148937,0.18110236220472442,0.1493212669683258,0.25,0.475,0.26618705035971224,ood_oracle_analysis_only,42
0.8153153153153153,0.2155688622754491,0.32727272727272727,0.259927797833935,0.6527636363636364,0.16043404986230786,0.5981363636363637,0.2348993288590604,0.1796875,0.14732142857142858,0.30000000000000004,0.44999999999999996,0.259927797833935,ood_oracle_analysis_only,42
0.8216216216216217,0.225,0.32727272727272727,0.26666666666666666,0.6511,0.15841512805590213,0.6016363636363636,0.23684210526315788,0.17624521072796934,0.1462882096069869,0.35000000000000003,0.42499999999999993,0.26666666666666666,ood_oracle_analysis_only,42
0.8009009009009009,0.20634920634920634,0.35454545454545455,0.2608695652173913,0.649390909090909,0.15602766750330277,0.6022727272727273,0.23225806451612904,0.17375886524822695,0.14473684210526316,0.4,0.37499999999999994,0.2608695652173913,ood_oracle_analysis_only,42
0.8045045045045045,0.20765027322404372,0.34545454545454546,0.2593856655290102,0.6472,0.15300407725927467,0.6002272727272727,0.2236024844720497,0.17253521126760563,0.14344262295081966,0.45,0.35,0.2593856655290102,ood_oracle_analysis_only,42
0.8063063063063063,0.2033898305084746,0.32727272727272727,0.2508710801393728,0.645590909090909,0.15047134319646954,0.5931363636363636,0.21686746987951808,0.1736111111111111,0.14314928425357873,0.5,0.32499999999999996,0.2508710801393728,ood_oracle_analysis_only,42
0.8126126126126126,0.20833333333333334,0.3181818181818182,0.2517985611510791,0.6440272727272728,0.14859477570528,0.5925909090909091,0.21301775147928995,0.16988416988416988,0.142570281124498,0.55,0.3,0.2517985611510791,ood_oracle_analysis_only,42
0.7864864864864864,0.19617224880382775,0.37272727272727274,0.25705329153605017,0.6422181818181818,0.14679095811752516,0.6023636363636363,0.20454545454545456,0.16558441558441558,0.14228456913827656,0.6000000000000001,0.25,0.25705329153605017,ood_oracle_analysis_only,42
0.7891891891891892,0.19607843137254902,0.36363636363636365,0.25477707006369427,0.6397818181818182,0.14388214339887878,0.5998181818181818,0.20652173913043478,0.1624203821656051,0.14342629482071714,0.65,0.22499999999999998,0.25477707006369427,ood_oracle_analysis_only,42
0.7945945945945946,0.19270833333333334,0.33636363636363636,0.24503311258278146,0.6370090909090909,0.14149351473016544,0.5906818181818182,0.1958762886597938,0.16129032258064516,0.14285714285714285,0.7000000000000001,0.2,0.24503311258278146,ood_oracle_analysis_only,42
0.6252252252252253,0.14908256880733944,0.5909090909090909,0.23809523809523808,0.633809090909091,0.13852750760280502,0.6099545454545454,0.18627450980392157,0.15723270440251572,0.14473684210526316,0.75,0.1,0.23809523809523808,ood_oracle_analysis_only,42
0.6063063063063063,0.14533622559652928,0.6090909090909091,0.23467600700525393,0.6310181818181818,0.1362734841798003,0.6075454545454546,0.1822429906542056,0.15644171779141106,0.15192743764172337,0.8,0.075,0.23467600700525393,ood_oracle_analysis_only,42
0.7684684684684685,0.17333333333333334,0.35454545454545455,0.23283582089552238,0.6283090909090909,0.13428831659466567,0.5842727272727273,0.1774891774891775,0.15472779369627507,0.14912280701754385,0.8500000000000001,0.1,0.23283582089552238,ood_oracle_analysis_only,42
0.6549549549549549,0.14910025706940874,0.5272727272727272,0.23246492985971945,0.6230727272727272,0.13195873167205704,0.5981363636363637,0.1700404858299595,0.15176151761517614,0.1506849315068493,0.9,0.05,0.23246492985971945,ood_oracle_analysis_only,42
0.8018018018018018,0.10714285714285714,0.13636363636363635,0.12,0.6110636363636364,0.12662894204939235,0.5056818181818181,0.15584415584415584,0.1554054054054054,0.14042553191489363,0.9500000000000001,0.05,0.12,ood_oracle_analysis_only,42
0.8333333333333334,0.10526315789473684,0.09090909090909091,0.0975609756097561,0.5190818181818182,0.10201757751543841,0.5029545454545454,0.11091549295774648,0.11091549295774648,0.10960960960960961,1.0,0.075,0.0975609756097561,ood_oracle_analysis_only,42
0.727027027027027,0.16376306620209058,0.42727272727272725,0.2367758186397985,0.6199363636363636,0.1371373414184535,0.5936363636363636,0.1649122807017544,0.1649122807017544,0.1416490486257928,0.0,0.2,0.2367758186397985,ood_oracle_analysis_only,43
0.7171171171171171,0.16225165562913907,0.44545454545454544,0.23786407766990292,0.6162272727272727,0.13598068082467335,0.5962272727272727,0.16376306620209058,0.16376306620209058,0.1437908496732026,0.05,0.175,0.23786407766990292,ood_oracle_analysis_only,43
0.6972972972972973,0.15548780487804878,0.4636363636363636,0.2328767123287671,0.6131181818181819,0.1345367374417319,0.5933181818181819,0.16393442622950818,0.16393442622950818,0.1407563025210084,0.1,0.15,0.2328767123287671,ood_oracle_analysis_only,43
0.6612612612612613,0.15,0.5181818181818182,0.23265306122448978,0.611009090909091,0.13370702770430923,0.5975909090909091,0.16544117647058823,0.16544117647058823,0.13814432989690723,0.15000000000000002,0.125,0.23265306122448978,ood_oracle_analysis_only,43
0.7,0.15479876160990713,0.45454545454545453,0.23094688221709006,0.6090272727272726,0.13251011371744018,0.5907727272727272,0.1647940074906367,0.1647940074906367,0.13552361396303902,0.2,0.15,0.23094688221709006,ood_oracle_analysis_only,43
0.7054054054054054,0.15772870662460567,0.45454545454545453,0.234192037470726,0.6069909090909091,0.13159828352233754,0.5937727272727272,0.1624548736462094,0.1624548736462094,0.13441955193482688,0.25,0.15,0.234192037470726,ood_oracle_analysis_only,43
0.6738738738738739,0.14606741573033707,0.4727272727272727,0.22317596566523606,0.6042181818181819,0.13035880172365621,0.5843636363636363,0.1602787456445993,0.1602787456445993,0.132,0.30000000000000004,0.125,0.22317596566523606,ood_oracle_analysis_only,43
0.7054054054054054,0.1488673139158576,0.41818181818181815,0.21957040572792363,0.6021090909090909,0.1292959954062978,0.577590909090909,0.1554054054054054,0.1554054054054054,0.13152804642166344,0.35000000000000003,0.15,0.21957040572792363,ood_oracle_analysis_only,43
0.6882882882882883,0.14242424242424243,0.42727272727272725,0.21363636363636362,0.599418181818182,0.12799822839569366,0.5721363636363637,0.1523809523809524,0.1513157894736842,0.13214990138067062,0.4,0.125,0.21363636363636362,ood_oracle_analysis_only,43
0.6990990990990991,0.14779874213836477,0.42727272727272725,0.21962616822429906,0.5977272727272729,0.1270946736716186,0.5781363636363637,0.1498371335504886,0.1498371335504886,0.13203883495145632,0.45,0.125,0.21962616822429906,ood_oracle_analysis_only,43
0.6684684684684684,0.13966480446927373,0.45454545454545453,0.21367521367521367,0.595290909090909,0.125396407818075,0.5732727272727273,0.152317880794702,0.1465798045602606,0.13102119460500963,0.5,0.1,0.21367521367521367,ood_oracle_analysis_only,43
0.545045045045045,0.128060263653484,0.6181818181818182,0.2121684867394696,0.5931818181818181,0.12399614078032442,0.577590909090909,0.15,0.14285714285714285,0.13060428849902533,0.55,0.05,0.2121684867394696,ood_oracle_analysis_only,43
0.5603603603603604,0.12648221343873517,0.5818181818181818,0.2077922077922078,0.5909727272727272,0.12225346975989802,0.5699090909090909,0.14864864864864866,0.14067278287461774,0.12849162011173185,0.6000000000000001,0.05,0.2077922077922078,ood_oracle_analysis_only,43
0.5855855855855856,0.1292372881355932,0.5545454545454546,0.20962199312714777,0.5884727272727274,0.12047077687173871,0.5717727272727273,0.1404494382022472,0.1371571072319202,0.12972972972972974,0.65,0.05,0.20962199312714777,ood_oracle_analysis_only,43
0.6081081081081081,0.12984054669703873,0.5181818181818182,0.20765027322404372,0.5851636363636363,0.11841260354529277,0.5680909090909091,0.13705583756345177,0.13705583756345177,0.13051823416506717,0.7000000000000001,0.05,0.20765027322404372,ood_oracle_analysis_only,43
0.6297297297297297,0.13202933985330073,0.4909090909090909,0.20809248554913296,0.5823636363636363,0.11706387476336781,0.5679545454545455,0.13424657534246576,0.13424657534246576,0.13127413127413126,0.75,0.05,0.20809248554913296,ood_oracle_analysis_only,43
0.6468468468468469,0.12698412698412698,0.43636363636363634,0.19672131147540983,0.5785909090909092,0.11515277324295786,0.5531818181818182,0.13263157894736843,0.13263157894736843,0.12969924812030076,0.8,0.05,0.19672131147540983,ood_oracle_analysis_only,43
0.6765765765765765,0.11692307692307692,0.34545454545454546,0.17471264367816092,0.5744,0.11314151864857587,0.5292272727272727,0.1310344827586207,0.1310344827586207,0.1306930693069307,0.8500000000000001,0.05,0.17471264367816092,ood_oracle_analysis_only,43
0.7099099099099099,0.10740740740740741,0.2636363636363636,0.15263157894736842,0.5674636363636363,0.11036032584763178,0.5113181818181818,0.13320079522862824,0.13320079522862824,0.13320079522862824,0.9,0.05,0.15263157894736842,ood_oracle_analysis_only,43
0.7738738738738739,0.06748466257668712,0.1,0.08058608058608059,0.5581727272727273,0.10756228771806461,0.474,0.12943632567849686,0.12943632567849686,0.12878787878787878,0.9500000000000001,0.05,0.08058608058608059,ood_oracle_analysis_only,43
0.7873873873873873,0.0684931506849315,0.09090909090909091,0.078125,0.5055090909090909,0.09622062091449385,0.47745454545454546,0.10743801652892562,0.10743801652892562,0.10743801652892562,1.0,0.05,0.078125,ood_oracle_analysis_only,43
0.6657657657657657,0.16103896103896104,0.5636363636363636,0.2505050505050505,0.6589363636363637,0.15709852710675715,0.6203181818181818,0.18811881188118812,0.17037037037037037,0.15681818181818183,0.0,0.49999999999999994,0.2505050505050505,ood_oracle_analysis_only,44
0.663963963963964,0.16020671834625322,0.5636363636363636,0.24949698189134809,0.6578272727272727,0.1553875625316687,0.6193181818181819,0.18840579710144928,0.17343173431734318,0.1564625850340136,0.05,0.475,0.24949698189134809,ood_oracle_analysis_only,44
0.6630630630630631,0.15979381443298968,0.5636363636363636,0.24899598393574296,0.6565909090909091,0.15402002479774082,0.6188181818181818,0.19117647058823528,0.17391304347826086,0.15575620767494355,0.1,0.44999999999999996,0.24899598393574296,ood_oracle_analysis_only,44
0.6621621621621622,0.15938303341902313,0.5636363636363636,0.24849699398797595,0.6556727272727273,0.15336803420555556,0.6183181818181818,0.18932038834951456,0.17454545454545456,0.15575620767494355,0.15000000000000002,0.42499999999999993,0.24849699398797595,ood_oracle_analysis_only,44
0.6621621621621622,0.15938303341902313,0.5636363636363636,0.24849699398797595,0.6547545454545455,0.15425564589893762,0.6183181818181818,0.19230769230769232,0.1746031746031746,0.1552511415525114,0.2,0.39999999999999997,0.24849699398797595,ood_oracle_analysis_only,44
0.6612612612612613,0.15897435897435896,0.5636363636363636,0.248,0.6535,0.1548647676372878,0.6178181818181818,0.19047619047619047,0.17670682730923695,0.15419501133786848,0.25,0.37499999999999994,0.248,ood_oracle_analysis_only,44
0.6603603603603604,0.16030534351145037,0.5727272727272728,0.2504970178926441,0.6524818181818182,0.1564949424069062,0.6213636363636363,0.1895734597156398,0.17391304347826086,0.15207373271889402,0.30000000000000004,0.35,0.2504970178926441,ood_oracle_analysis_only,44
0.6531531531531531,0.1571072319201995,0.5727272727272728,0.2465753424657534,0.6508181818181819,0.1579634916699833,0.6173636363636363,0.19069767441860466,0.17254901960784313,0.14945054945054945,0.35000000000000003,0.32499999999999996,0.2465753424657534,ood_oracle_analysis_only,44
0.6432432432432432,0.1529126213592233,0.5727272727272728,0.2413793103448276,0.6483,0.15693643195836188,0.6118636363636364,0.1889400921658986,0.16923076923076924,0.14847161572052403,0.4,0.3,0.2413793103448276,ood_oracle_analysis_only,44
0.636936936936937,0.15035799522673032,0.5727272727272728,0.2381852551984877,0.6451181818181819,0.15361348559188043,0.6083636363636364,0.18248175182481752,0.1644295302013423,0.14855875831485588,0.45,0.27499999999999997,0.2381852551984877,ood_oracle_analysis_only,44
0.6351351351351351,0.1496437054631829,0.5727272727272728,0.23728813559322035,0.6412,0.14899442289945886,0.6073636363636363,0.18110236220472442,0.16363636363636364,0.14692982456140352,0.5,0.25,0.23728813559322035,ood_oracle_analysis_only,44
0.6315315315315315,0.14823529411764705,0.5727272727272728,0.23551401869158878,0.6379818181818181,0.14532058430216205,0.6053636363636363,0.1729957805907173,0.16541353383458646,0.14596949891067537,0.55,0.22499999999999998,0.23551401869158878,ood_oracle_analysis_only,44
0.627927927927928,0.14685314685314685,0.5727272727272728,0.23376623376623376,0.6354090909090909,0.14260124069866917,0.6033636363636363,0.1700404858299595,0.16176470588235295,0.14498933901918976,0.6000000000000001,0.2,0.23376623376623376,ood_oracle_analysis_only,44
0.6207207207207207,0.14416475972540047,0.5727272727272728,0.2303473491773309,0.632090909090909,0.13931171126171435,0.5993636363636363,0.16744186046511628,0.15942028985507245,0.1440677966101695,0.65,0.175,0.2303473491773309,ood_oracle_analysis_only,44
0.6981981981981982,0.15384615384615385,0.45454545454545453,0.22988505747126436,0.6289363636363636,0.13698063347239497,0.5897727272727272,0.16589861751152074,0.15547703180212014,0.14255765199161424,0.7000000000000001,0.2,0.22988505747126436,ood_oracle_analysis_only,44
0.609009009009009,0.1415929203539823,0.5818181818181818,0.2277580071174377,0.6256454545454545,0.1349329972400334,0.5969090909090908,0.16129032258064516,0.156794425087108,0.14078674948240166,0.75,0.125,0.2277580071174377,ood_oracle_analysis_only,44
0.6594594594594595,0.14361702127659576,0.4909090909090909,0.2222222222222222,0.6211636363636364,0.13269142650422408,0.5844545454545454,0.16363636363636364,0.1541095890410959,0.13793103448275862,0.8,0.125,0.2222222222222222,ood_oracle_analysis_only,44
0.5774774774774775,0.13141683778234087,0.5818181818181818,0.21440536013400335,0.6137454545454546,0.12884908376561566,0.5794090909090909,0.15261044176706828,0.14802631578947367,0.13438735177865613,0.8500000000000001,0.075,0.21440536013400335,ood_oracle_analysis_only,44
0.5576576576576576,0.1286549707602339,0.6,0.21187800963081863,0.6015272727272727,0.12272900950321022,0.5765,0.1387900355871886,0.13793103448275862,0.13018867924528302,0.9,0.05,0.21187800963081863,ood_oracle_analysis_only,44
0.7612612612612613,0.09844559585492228,0.17272727272727273,0.1254125412541254,0.583109090909091,0.11484103218225929,0.49936363636363634,0.13002364066193853,0.13002364066193853,0.125,0.9500000000000001,0.05,0.1254125412541254,ood_oracle_analysis_only,44
0.845945945945946,0.11392405063291139,0.08181818181818182,0.09523809523809523,0.4861545454545455,0.09328840972590874,0.505909090909091,0.1071932299012694,0.1071932299012694,0.1071932299012694,1.0,0.1,0.09523809523809523,ood_oracle_analysis_only,44
